KW,Bulk 2.0,Bulk 2.05,Bulk 2.1
0.28,0.35,0.29,0.29
0.29,0.35,0.29,0.29
0.29,0.35,0.29,0.29
0.29,0.24,0.26,0.23
0.29,0.29,0.24,0.28
0.30,0.29,0.24,0.28
0.30,0.29,0.24,0.28
0.29,0.29,0.24,0.28
0.30,0.29,0.24,0.28
0.30,0.29,0.24,0.28
0.30,0.29,0.24,0.28
0.29,0.29,0.24,0.28
0.30,0.29,0.24,0.28
0.31,0.41,0.36,0.35
0.31,0.41,0.36,0.35
0.31,0.41,0.36,0.35
0.33,0.41,0.36,0.35
0.35,0.41,0.36,0.35
0.36,0.41,0.36,0.35
0.36,0.41,0.36,0.35
0.37,0.41,0.36,0.35
0.36,0.41,0.36,0.35
0.36,0.41,0.36,0.35
0.37,0.41,0.36,0.35
0.39,0.41,0.36,0.35
0.40,0.41,0.36,0.35
0.40,0.41,0.36,0.35
0.39,0.41,0.36,0.35
0.39,0.41,0.36,0.35
0.39,0.41,0.36,0.35
0.39,0.41,0.36,0.35
0.39,0.41,0.36,0.35
0.38,0.41,0.36,0.35
0.38,0.41,0.36,0.35
0.38,0.41,0.36,0.35
0.37,0.41,0.36,0.35
0.37,0.41,0.36,0.35
0.35,0.41,0.36,0.35
0.35,0.41,0.36,0.35
0.36,0.41,0.36,0.35
0.36,0.41,0.36,0.35
0.36,0.41,0.36,0.35
0.35,0.41,0.36,0.35
0.34,0.41,0.36,0.35
0.35,0.41,0.36,0.35
0.36,0.41,0.36,0.35
0.36,0.41,0.36,0.35
0.35,0.34,0.28,0.27
0.34,0.34,0.28,0.27
0.33,0.34,0.28,0.27
0.35,0.34,0.28,0.27
0.39,0.34,0.28,0.27
0.40,0.34,0.28,0.27
0.36,0.34,0.28,0.27
0.33,0.34,0.28,0.27
0.32,0.34,0.28,0.27
0.30,0.34,0.28,0.27
0.29,0.35,0.29,0.28
0.28,0.35,0.29,0.28
0.27,0.35,0.29,0.28
0.27,0.35,0.29,0.28
0.27,0.35,0.29,0.28
0.27,0.35,0.29,0.28
0.27,0.35,0.29,0.28
0.27,0.35,0.29,0.28
0.28,0.35,0.29,0.28
0.28,0.35,0.29,0.28
0.29,0.35,0.29,0.28
0.31,0.35,0.29,0.28
0.31,0.35,0.29,0.28
0.32,0.35,0.29,0.28
0.32,0.35,0.29,0.28
0.32,0.35,0.29,0.28
0.32,0.35,0.29,0.28
0.31,0.35,0.29,0.28
0.30,0.35,0.29,0.28
0.30,0.35,0.29,0.28
0.31,0.35,0.29,0.28
0.31,0.35,0.29,0.28
0.31,0.35,0.29,0.28
0.32,0.35,0.29,0.28
0.32,0.35,0.29,0.28
0.32,0.35,0.29,0.28
0.32,0.35,0.29,0.28
0.33,0.35,0.29,0.28
0.34,0.35,0.29,0.28
0.34,0.35,0.29,0.28
0.35,0.32,0.25,0.24
0.36,0.32,0.25,0.24
0.37,0.32,0.25,0.24
0.39,0.32,0.25,0.24
0.40,0.32,0.25,0.24
0.41,0.32,0.25,0.24
0.39,0.32,0.25,0.24
0.39,0.32,0.25,0.24
0.39,0.32,0.25,0.24
0.39,0.32,0.25,0.24
0.38,0.32,0.25,0.24
0.37,0.32,0.25,0.24
0.36,0.32,0.25,0.24
0.35,0.32,0.25,0.24
0.34,0.32,0.25,0.24
0.32,0.32,0.25,0.24
0.29,0.32,0.25,0.24
0.27,0.32,0.25,0.24
0.26,0.32,0.25,0.24
0.23,0.32,0.25,0.24
0.20,0.32,0.25,0.24
0.17,0.32,0.25,0.24
0.14,0.32,0.25,0.24
0.13,0.32,0.25,0.24
0.13,0.32,0.25,0.24
0.12,0.32,0.25,0.24
0.12,0.32,0.25,0.24
0.12,0.32,0.25,0.24
0.12,0.32,0.25,0.24
0.13,0.32,0.25,0.24
0.13,0.32,0.25,0.24
0.12,0.32,0.25,0.24
0.12,0.32,0.25,0.24
0.13,0.25,0.19,0.2
0.13,0.25,0.19,0.2
0.13,0.25,0.19,0.2
0.13,0.25,0.19,0.2
0.12,0.25,0.19,0.2
0.12,0.25,0.19,0.2
0.12,0.25,0.19,0.2
0.12,0.25,0.19,0.2
0.12,0.25,0.19,0.2
0.12,0.25,0.19,0.2
0.13,0.25,0.19,0.2
0.13,0.25,0.19,0.2
0.13,0.25,0.19,0.2
0.13,0.25,0.19,0.2
0.13,0.25,0.19,0.2
0.14,0.25,0.19,0.2
0.14,0.25,0.19,0.2
0.13,0.25,0.19,0.2
0.12,0.25,0.19,0.2
0.13,0.25,0.19,0.2
0.13,0.25,0.19,0.2
0.14,0.25,0.19,0.2
0.14,0.33,0.23,0.2
0.15,0.33,0.23,0.2
0.15,0.33,0.23,0.2
0.15,0.33,0.23,0.2
0.15,0.33,0.23,0.2
0.15,0.33,0.23,0.2
0.15,0.33,0.23,0.2
0.15,0.33,0.23,0.2
0.15,0.33,0.23,0.2
0.16,0.33,0.23,0.2
0.16,0.24,0.2,0.17
0.15,0.24,0.2,0.17
0.14,0.24,0.2,0.17
0.15,0.24,0.2,0.17
0.15,0.24,0.2,0.17
0.15,0.24,0.2,0.17
0.14,0.24,0.2,0.17
0.14,0.24,0.2,0.17
0.13,0.21,0.14,0.15
0.12,0.21,0.14,0.15
0.13,0.21,0.14,0.15
0.14,0.21,0.14,0.15
0.14,0.21,0.14,0.15
0.15,0.21,0.14,0.15
0.15,0.21,0.14,0.15
0.15,0.21,0.14,0.15
0.15,0.27,0.16,0.18
0.16,0.27,0.16,0.18
0.17,0.27,0.16,0.18
0.17,0.27,0.16,0.18
0.17,0.27,0.16,0.18
0.16,0.32,0.25,0.25
0.16,0.32,0.25,0.25
0.16,0.32,0.25,0.25
0.18,0.32,0.25,0.25
0.19,0.32,0.25,0.25
0.20,0.32,0.25,0.25
0.21,0.26,0.21,0.21
0.20,0.26,0.21,0.21
0.18,0.26,0.21,0.21
0.16,0.26,0.21,0.21
0.15,0.26,0.21,0.21
0.14,0.26,0.21,0.21
0.13,0.26,0.21,0.21
0.12,0.26,0.21,0.21
0.12,0.26,0.21,0.21
0.12,0.26,0.21,0.21
0.12,0.26,0.21,0.21
0.12,0.26,0.21,0.21
0.12,0.26,0.21,0.21
0.12,0.26,0.21,0.21
0.13,0.26,0.21,0.21
0.14,0.26,0.21,0.21
0.14,0.26,0.21,0.21
0.14,0.27,0.2,0.21
0.13,0.27,0.2,0.21
0.13,0.27,0.2,0.21
0.13,0.27,0.2,0.21
0.14,0.27,0.2,0.21
0.14,0.27,0.2,0.21
0.14,0.27,0.2,0.21
0.13,0.27,0.2,0.21
0.13,0.27,0.2,0.21
0.14,0.27,0.2,0.21
0.14,0.27,0.2,0.21
0.13,0.27,0.2,0.21
0.13,0.27,0.2,0.21
0.12,0.27,0.2,0.21
0.12,0.27,0.2,0.21
0.13,0.27,0.2,0.21
0.13,0.27,0.2,0.21
0.12,0.27,0.2,0.21
0.12,0.27,0.2,0.21
0.13,0.27,0.2,0.21
0.12,0.27,0.2,0.21
0.10,0.27,0.2,0.21
0.09,0.27,0.2,0.21
0.10,0.27,0.2,0.21
0.10,0.27,0.2,0.21
0.11,0.27,0.2,0.21
0.14,0.27,0.2,0.21
0.16,0.27,0.2,0.21
0.18,0.27,0.2,0.21
0.19,0.27,0.2,0.21
0.18,0.27,0.2,0.21
0.17,0.27,0.2,0.21
0.15,0.27,0.2,0.21
0.13,0.27,0.2,0.21
0.13,0.27,0.2,0.21
0.14,0.27,0.2,0.21
0.15,0.27,0.2,0.21
0.18,0.27,0.2,0.21
0.20,0.27,0.2,0.21
0.20,0.27,0.2,0.21
0.23,0.27,0.2,0.21
0.27,0.27,0.2,0.21
0.27,0.25,0.19,0.18
0.27,0.25,0.19,0.18
0.28,0.25,0.19,0.18
0.29,0.25,0.19,0.18
0.29,0.25,0.19,0.18
0.28,0.25,0.19,0.18
0.26,0.25,0.19,0.18
0.23,0.25,0.19,0.18
0.19,0.25,0.19,0.18
0.18,0.25,0.19,0.18
0.18,0.25,0.19,0.18
0.17,0.25,0.19,0.18
0.16,0.25,0.19,0.18
0.16,0.25,0.19,0.18
0.20,0.25,0.19,0.18
0.25,0.25,0.19,0.18
0.30,0.25,0.19,0.18
0.32,0.25,0.19,0.18
0.32,0.25,0.19,0.18
0.33,0.25,0.19,0.18
0.32,0.25,0.19,0.18
0.32,0.25,0.19,0.18
0.32,0.25,0.19,0.18
0.32,0.25,0.19,0.18
0.31,0.25,0.19,0.18
0.31,0.25,0.19,0.18
0.32,0.25,0.19,0.18
0.33,0.25,0.19,0.18
0.33,0.25,0.19,0.18
0.33,0.25,0.19,0.18
0.32,0.25,0.19,0.18
0.32,0.25,0.19,0.18
0.31,0.25,0.19,0.18
0.30,0.25,0.19,0.18
0.26,0.25,0.19,0.18
0.24,0.25,0.19,0.18
0.25,0.25,0.19,0.18
0.25,0.24,0.16,0.16
0.25,0.24,0.16,0.16
0.25,0.24,0.16,0.16
0.26,0.24,0.16,0.16
0.26,0.24,0.16,0.16
0.25,0.24,0.16,0.16
0.26,0.24,0.16,0.16
0.25,0.24,0.16,0.16
0.24,0.24,0.16,0.16
0.23,0.24,0.16,0.16
0.23,0.24,0.16,0.16
0.22,0.24,0.16,0.16
0.21,0.24,0.16,0.16
0.20,0.24,0.16,0.16
0.19,0.24,0.16,0.16
0.18,0.24,0.16,0.16
0.17,0.24,0.16,0.16
0.16,0.24,0.16,0.16
0.15,0.24,0.16,0.16
0.14,0.24,0.16,0.16
0.12,0.24,0.16,0.16
0.11,0.24,0.16,0.16
0.09,0.24,0.16,0.16
0.08,0.24,0.16,0.16
0.07,0.24,0.16,0.16
0.06,0.24,0.16,0.16
0.06,0.24,0.16,0.16
0.06,0.24,0.16,0.16
0.07,0.24,0.16,0.16
0.07,0.24,0.16,0.16
0.07,0.24,0.16,0.16
0.07,0.24,0.16,0.16
0.07,0.21,0.13,0.14
0.07,0.21,0.13,0.14
0.07,0.21,0.13,0.14
0.06,0.21,0.13,0.14
0.06,0.21,0.13,0.14
0.07,0.21,0.13,0.14
0.09,0.21,0.13,0.14
0.11,0.21,0.13,0.14
0.11,0.21,0.13,0.14
0.08,0.21,0.13,0.14
0.06,0.21,0.13,0.14
0.06,0.21,0.13,0.14
0.07,0.21,0.13,0.14
0.08,0.21,0.13,0.14
0.07,0.21,0.13,0.14
0.07,0.21,0.13,0.14
0.08,0.21,0.13,0.14
0.09,0.21,0.13,0.14
0.09,0.21,0.13,0.14
0.09,0.21,0.13,0.14
0.09,0.21,0.13,0.14
0.09,0.21,0.13,0.14
0.08,0.21,0.13,0.14
0.06,0.21,0.13,0.14
0.06,0.21,0.13,0.14
0.06,0.21,0.13,0.14
0.07,0.21,0.13,0.14
0.08,0.21,0.12,0.14
0.09,0.21,0.12,0.14
0.11,0.21,0.12,0.14
0.12,0.21,0.12,0.14
0.13,0.21,0.12,0.14
0.15,0.21,0.12,0.14
0.17,0.21,0.12,0.14
0.22,0.21,0.12,0.14
0.25,0.21,0.12,0.14
0.25,0.21,0.12,0.14
0.24,0.21,0.12,0.14
0.25,0.21,0.12,0.14
0.27,0.21,0.12,0.14
0.27,0.21,0.12,0.14
0.25,0.21,0.12,0.14
0.22,0.21,0.12,0.14
0.19,0.21,0.12,0.14
0.17,0.21,0.12,0.14
0.16,0.21,0.12,0.14
0.16,0.21,0.12,0.14
0.19,0.17,0.11,0.12
0.20,0.17,0.11,0.12
0.18,0.17,0.11,0.12
0.16,0.17,0.11,0.12
0.15,0.18,0.12,0.12
0.12,0.18,0.12,0.12
0.08,0.18,0.12,0.12
0.06,0.18,0.12,0.12
0.06,0.18,0.12,0.12
0.07,0.18,0.12,0.12
0.06,0.18,0.12,0.12
0.06,0.18,0.12,0.12
0.06,0.18,0.12,0.12
0.07,0.18,0.12,0.12
0.07,0.18,0.12,0.12
0.07,0.18,0.12,0.12
0.06,0.18,0.12,0.12
0.07,0.18,0.12,0.12
0.07,0.18,0.12,0.12
0.06,0.18,0.12,0.12
0.06,0.18,0.12,0.12
0.06,0.17,0.09,0.1
0.06,0.17,0.09,0.1
0.06,0.17,0.09,0.1
0.05,0.17,0.09,0.1
0.05,0.17,0.09,0.1
0.06,0.17,0.09,0.1
0.06,0.17,0.09,0.1
0.06,0.17,0.09,0.1
0.06,0.17,0.09,0.1
0.06,0.17,0.09,0.1
0.06,0.17,0.09,0.1
0.06,0.17,0.09,0.1
0.06,0.17,0.09,0.1
0.06,0.17,0.09,0.1
0.06,0.17,0.09,0.1
0.06,0.17,0.09,0.1
0.06,0.17,0.09,0.1
0.06,0.17,0.09,0.1
0.06,0.17,0.09,0.1
0.07,0.14,0.08,0.08
0.09,0.14,0.08,0.08
0.13,0.14,0.08,0.08
0.17,0.14,0.08,0.08
0.19,0.14,0.08,0.08
0.22,0.14,0.08,0.08
0.25,0.14,0.08,0.08
0.27,0.14,0.08,0.08
0.27,0.14,0.08,0.08
0.25,0.14,0.08,0.08
0.22,0.14,0.08,0.08
0.20,0.14,0.08,0.08
0.21,0.14,0.08,0.08
0.22,0.14,0.08,0.08
0.23,0.22,0.18,0.11
0.25,0.25,0.25,0.15
0.26,0.25,0.25,0.15
0.27,0.25,0.25,0.15
0.26,0.25,0.25,0.15
0.26,0.29,0.2,0.24
0.27,0.29,0.2,0.24
0.27,0.29,0.2,0.24
0.27,0.29,0.2,0.24
0.26,0.29,0.2,0.24
0.25,0.29,0.2,0.24
0.24,0.29,0.2,0.24
0.26,0.32,0.25,0.24
0.27,0.32,0.25,0.24
0.28,0.32,0.25,0.24
0.29,0.32,0.25,0.24
0.29,0.32,0.25,0.24
0.29,0.32,0.25,0.24
0.29,0.32,0.25,0.24
0.29,0.32,0.25,0.24
0.29,0.32,0.25,0.24
0.29,0.32,0.25,0.24
0.30,0.32,0.25,0.24
0.30,0.32,0.25,0.24
0.30,0.32,0.25,0.24
0.29,0.23,0.16,0.18
0.30,0.23,0.16,0.18
0.30,0.23,0.16,0.18
0.31,0.23,0.16,0.18
0.31,0.23,0.16,0.18
0.32,0.23,0.16,0.18
0.31,0.23,0.16,0.18
0.31,0.23,0.16,0.18
0.30,0.23,0.16,0.18
0.29,0.23,0.16,0.18
0.27,0.23,0.16,0.18
0.25,0.23,0.16,0.18
0.20,0.23,0.16,0.18
0.17,0.23,0.16,0.18
0.15,0.23,0.16,0.18
0.13,0.23,0.16,0.18
0.13,0.25,0.18,0.19
0.12,0.25,0.18,0.19
0.12,0.25,0.18,0.19
0.12,0.25,0.18,0.19
0.12,0.25,0.18,0.19
0.12,0.25,0.18,0.19
0.12,0.25,0.18,0.19
0.12,0.25,0.18,0.19
0.12,0.25,0.18,0.19
0.11,0.25,0.18,0.19
0.11,0.25,0.18,0.19
0.11,0.25,0.18,0.19
0.11,0.25,0.18,0.19
0.11,0.25,0.18,0.19
0.11,0.25,0.18,0.19
0.12,0.25,0.18,0.19
0.12,0.20,0.12,0.13
0.13,0.20,0.12,0.13
0.14,0.20,0.12,0.13
0.13,0.20,0.12,0.13
0.11,0.20,0.12,0.13
0.11,0.20,0.12,0.13
0.11,0.20,0.12,0.13
0.12,0.20,0.12,0.13
0.13,0.20,0.12,0.13
0.12,0.20,0.12,0.13
0.11,0.20,0.12,0.13
0.11,0.20,0.12,0.13
0.10,0.20,0.12,0.13
0.10,0.20,0.12,0.13
0.10,0.20,0.12,0.13
0.09,0.20,0.12,0.13
0.08,0.20,0.12,0.13
0.08,0.20,0.12,0.13
0.07,0.20,0.12,0.13
0.08,0.20,0.12,0.13
0.09,0.20,0.12,0.13
0.09,0.20,0.12,0.13
0.10,0.20,0.12,0.13
0.09,0.20,0.12,0.13
0.09,0.20,0.12,0.13
0.09,0.20,0.12,0.13
0.08,0.20,0.12,0.13
0.08,0.20,0.12,0.13
0.08,0.20,0.12,0.13
0.08,0.20,0.12,0.13
0.08,0.20,0.12,0.13
0.08,0.20,0.12,0.13
0.08,0.20,0.12,0.13
0.08,0.20,0.12,0.13
0.08,0.20,0.12,0.13
0.08,0.20,0.12,0.13
0.08,0.20,0.12,0.13
0.09,0.20,0.12,0.13
0.08,0.20,0.12,0.13
0.08,0.20,0.12,0.13
0.08,0.20,0.12,0.13
0.09,0.20,0.12,0.13
0.11,0.20,0.12,0.13
0.14,0.20,0.12,0.13
0.17,0.20,0.12,0.13
0.19,0.20,0.12,0.13
0.19,0.20,0.12,0.13
0.19,0.20,0.12,0.13
0.20,0.20,0.12,0.13
0.20,0.20,0.12,0.13
0.18,0.20,0.12,0.13
0.18,0.20,0.12,0.13
0.17,0.20,0.12,0.13
0.16,0.20,0.12,0.13
0.15,0.20,0.12,0.13
0.17,0.20,0.12,0.13
0.20,0.20,0.12,0.13
0.23,0.20,0.12,0.13
0.24,0.20,0.12,0.13
0.24,0.20,0.12,0.13
0.25,0.20,0.12,0.13
0.26,0.20,0.12,0.13
0.25,0.23,0.16,0.16
0.25,0.23,0.16,0.16
0.25,0.23,0.16,0.16
0.25,0.23,0.16,0.16
0.26,0.23,0.16,0.16
0.27,0.23,0.16,0.16
0.27,0.23,0.16,0.16
0.28,0.23,0.16,0.16
0.29,0.23,0.16,0.16
0.29,0.23,0.16,0.16
0.28,0.23,0.16,0.16
0.27,0.23,0.16,0.16
0.27,0.23,0.16,0.16
0.28,0.23,0.16,0.16
0.26,0.23,0.16,0.16
0.18,0.23,0.16,0.16
0.14,0.23,0.16,0.16
0.16,0.23,0.16,0.16
0.14,0.23,0.16,0.16
0.11,0.23,0.16,0.16
0.09,0.23,0.16,0.16
0.09,0.23,0.16,0.16
0.10,0.23,0.16,0.16
0.10,0.23,0.16,0.16
0.09,0.23,0.16,0.16
0.09,0.24,0.17,0.15
0.09,0.24,0.17,0.15
0.09,0.24,0.17,0.15
0.09,0.24,0.17,0.15
0.08,0.24,0.17,0.15
0.08,0.24,0.17,0.15
0.09,0.24,0.17,0.15
0.10,0.24,0.17,0.15
0.12,0.24,0.17,0.15
0.13,0.24,0.17,0.15
0.12,0.24,0.17,0.15
0.11,0.24,0.17,0.15
0.11,0.24,0.17,0.15
0.11,0.24,0.17,0.15
0.11,0.24,0.17,0.15
0.10,0.24,0.17,0.15
0.10,0.24,0.17,0.15
0.10,0.24,0.17,0.15
0.10,0.24,0.17,0.15
0.10,0.24,0.17,0.15
0.11,0.24,0.17,0.15
0.11,0.24,0.17,0.15
0.12,0.24,0.17,0.15
0.11,0.24,0.17,0.15
0.10,0.24,0.17,0.15
0.10,0.24,0.17,0.15
0.10,0.24,0.17,0.15
0.11,0.24,0.17,0.15
0.11,0.24,0.17,0.17
0.11,0.24,0.17,0.17
0.11,0.24,0.17,0.17
0.11,0.24,0.17,0.17
0.11,0.24,0.17,0.17
0.10,0.24,0.17,0.17
0.10,0.24,0.17,0.17
0.10,0.24,0.17,0.17
0.10,0.24,0.17,0.17
0.10,0.24,0.17,0.17
0.11,0.24,0.17,0.17
0.11,0.24,0.17,0.17
0.11,0.24,0.17,0.17
0.11,0.24,0.17,0.17
0.11,0.24,0.17,0.17
0.10,0.24,0.17,0.17
0.11,0.24,0.17,0.17
0.13,0.24,0.17,0.17
0.14,0.24,0.17,0.17
0.13,0.24,0.17,0.17
0.11,0.24,0.17,0.17
0.10,0.24,0.17,0.17
0.10,0.24,0.17,0.17
0.10,0.24,0.17,0.17
0.10,0.24,0.17,0.17
0.12,0.24,0.17,0.17
0.17,0.24,0.17,0.17
0.25,0.24,0.17,0.17
0.29,0.24,0.17,0.17
0.29,0.24,0.17,0.17
0.28,0.24,0.17,0.17
0.27,0.24,0.17,0.17
0.25,0.25,0.19,0.17
0.25,0.25,0.19,0.17
0.24,0.25,0.19,0.17
0.22,0.25,0.19,0.17
0.21,0.25,0.19,0.17
0.21,0.25,0.19,0.17
0.22,0.25,0.19,0.17
0.22,0.25,0.19,0.17
0.21,0.25,0.19,0.17
0.21,0.25,0.19,0.17
0.20,0.25,0.19,0.17
0.21,0.25,0.19,0.17
0.21,0.25,0.19,0.17
0.21,0.25,0.19,0.17
0.20,0.25,0.19,0.17
0.19,0.25,0.19,0.17
0.19,0.25,0.19,0.17
0.21,0.25,0.19,0.17
0.23,0.25,0.19,0.17
0.24,0.25,0.19,0.17
0.22,0.25,0.19,0.17
0.20,0.25,0.19,0.17
0.19,0.25,0.19,0.17
0.19,0.25,0.19,0.17
0.19,0.25,0.19,0.17
0.19,0.25,0.19,0.17
0.19,0.25,0.19,0.17
0.20,0.25,0.19,0.17
0.21,0.25,0.19,0.17
0.21,0.25,0.19,0.17
0.21,0.25,0.19,0.17
0.21,0.25,0.19,0.17
0.21,0.25,0.19,0.17
0.22,0.25,0.19,0.17
0.22,0.25,0.19,0.17
0.23,0.25,0.19,0.17
0.23,0.25,0.19,0.17
0.23,0.25,0.19,0.17
0.23,0.24,0.17,0.15
0.23,0.24,0.17,0.15
0.22,0.24,0.17,0.15
0.21,0.24,0.17,0.15
0.21,0.24,0.17,0.15
0.21,0.24,0.17,0.15
0.20,0.24,0.17,0.15
0.19,0.24,0.17,0.15
0.19,0.24,0.17,0.15
0.20,0.24,0.17,0.15
0.20,0.24,0.17,0.15
0.20,0.24,0.17,0.15
0.19,0.24,0.17,0.15
0.19,0.24,0.17,0.15
0.18,0.24,0.17,0.15
0.17,0.24,0.17,0.15
0.16,0.24,0.17,0.15
0.16,0.24,0.17,0.15
0.15,0.24,0.17,0.15
0.15,0.24,0.17,0.15
0.15,0.24,0.17,0.15
0.15,0.24,0.17,0.15
0.15,0.24,0.17,0.15
0.15,0.24,0.17,0.15
0.15,0.24,0.17,0.15
0.16,0.24,0.17,0.15
0.15,0.24,0.17,0.15
0.16,0.24,0.17,0.15
0.16,0.24,0.17,0.15
0.16,0.24,0.17,0.15
0.16,0.24,0.17,0.15
0.16,0.24,0.17,0.15
0.16,0.24,0.17,0.15
0.17,0.24,0.17,0.15
0.17,0.24,0.17,0.15
0.15,0.24,0.17,0.15
0.14,0.24,0.17,0.15
0.13,0.24,0.17,0.15
0.13,0.24,0.17,0.15
0.13,0.25,0.2,0.19
0.13,0.25,0.2,0.19
0.14,0.25,0.2,0.19
0.14,0.25,0.2,0.19
0.15,0.25,0.2,0.19
0.15,0.26,0.21,0.21
0.14,0.26,0.21,0.21
0.14,0.26,0.21,0.21
0.15,0.26,0.21,0.21
0.16,0.26,0.21,0.21
0.16,0.26,0.21,0.21
0.17,0.26,0.21,0.21
0.17,0.26,0.21,0.21
0.16,0.26,0.21,0.21
0.15,0.26,0.21,0.21
0.16,0.26,0.21,0.21
0.16,0.26,0.21,0.21
0.16,0.26,0.21,0.21
0.16,0.26,0.21,0.21
0.16,0.26,0.21,0.21
0.16,0.26,0.21,0.21
0.15,0.26,0.21,0.21
0.15,0.26,0.21,0.21
0.15,0.26,0.21,0.21
0.15,0.26,0.21,0.21
0.15,0.26,0.21,0.21
0.15,0.26,0.21,0.21
0.14,0.26,0.21,0.21
0.14,0.26,0.21,0.21
0.15,0.26,0.21,0.21
0.14,0.26,0.21,0.21
0.14,0.26,0.21,0.21
0.14,0.26,0.21,0.21
0.14,0.26,0.21,0.21
0.17,0.26,0.21,0.21
0.19,0.26,0.21,0.21
0.21,0.26,0.21,0.21
0.22,0.26,0.21,0.21
0.22,0.26,0.21,0.21
0.22,0.26,0.21,0.21
0.22,0.26,0.21,0.21
0.20,0.26,0.21,0.21
0.18,0.26,0.21,0.21
0.18,0.26,0.21,0.21
0.18,0.26,0.21,0.21
0.19,0.26,0.21,0.21
0.20,0.26,0.21,0.21
0.19,0.26,0.21,0.21
0.16,0.26,0.21,0.21
0.15,0.26,0.21,0.21
0.15,0.26,0.21,0.21
0.16,0.26,0.21,0.21
0.17,0.26,0.21,0.21
0.18,0.26,0.21,0.21
0.18,0.26,0.21,0.21
0.18,0.26,0.21,0.21
0.17,0.26,0.21,0.21
0.15,0.26,0.21,0.21
0.15,0.26,0.21,0.21
0.15,0.26,0.21,0.21
0.16,0.25,0.19,0.19
0.17,0.25,0.19,0.19
0.19,0.25,0.19,0.19
0.22,0.25,0.19,0.19
0.24,0.25,0.19,0.19
0.28,0.25,0.19,0.19
0.31,0.25,0.19,0.19
0.31,0.25,0.19,0.19
0.28,0.25,0.19,0.19
0.25,0.25,0.19,0.19
0.22,0.25,0.19,0.19
0.19,0.25,0.19,0.19
0.18,0.25,0.19,0.19
0.18,0.25,0.19,0.19
0.19,0.25,0.19,0.19
0.20,0.25,0.19,0.19
0.19,0.25,0.19,0.19
0.18,0.25,0.19,0.19
0.19,0.25,0.19,0.19
0.20,0.25,0.19,0.19
0.17,0.25,0.19,0.19
0.14,0.25,0.19,0.19
0.13,0.25,0.19,0.19
0.13,0.25,0.19,0.19
0.14,0.25,0.19,0.19
0.14,0.25,0.19,0.19
0.14,0.25,0.19,0.19
0.16,0.25,0.19,0.19
0.22,0.25,0.19,0.19
0.26,0.25,0.19,0.19
0.26,0.25,0.19,0.19
0.25,0.25,0.19,0.19
0.23,0.25,0.19,0.19
0.22,0.25,0.19,0.19
0.22,0.25,0.19,0.19
0.23,0.25,0.19,0.19
0.24,0.25,0.19,0.19
0.27,0.25,0.19,0.19
0.30,0.25,0.19,0.19
0.33,0.25,0.19,0.19
0.34,0.25,0.19,0.19
0.34,0.25,0.19,0.19
0.34,0.25,0.19,0.19
0.34,0.25,0.19,0.19
0.33,0.25,0.19,0.19
0.33,0.25,0.19,0.19
0.33,0.25,0.19,0.19
0.33,0.25,0.19,0.19
0.30,0.25,0.19,0.19
0.26,0.25,0.19,0.19
0.23,0.25,0.19,0.19
0.22,0.25,0.19,0.19
0.21,0.25,0.19,0.19
0.19,0.25,0.19,0.19
0.17,0.25,0.19,0.19
0.16,0.25,0.19,0.19
0.18,0.25,0.19,0.19
0.21,0.25,0.19,0.19
0.22,0.25,0.19,0.19
0.22,0.25,0.19,0.19
0.22,0.25,0.19,0.19
0.21,0.25,0.19,0.19
0.21,0.25,0.19,0.19
0.22,0.25,0.19,0.19
0.22,0.25,0.19,0.19
0.20,0.25,0.19,0.19
0.19,0.25,0.19,0.19
0.19,0.25,0.19,0.19
0.18,0.25,0.19,0.19
0.17,0.25,0.19,0.19
0.16,0.24,0.16,0.16
0.16,0.24,0.16,0.16
0.16,0.24,0.16,0.16
0.16,0.24,0.16,0.16
0.15,0.24,0.16,0.16
0.15,0.24,0.16,0.16
0.15,0.24,0.16,0.16
0.14,0.24,0.16,0.16
0.14,0.24,0.16,0.16
0.14,0.24,0.16,0.16
0.14,0.24,0.16,0.16
0.14,0.24,0.16,0.16
0.13,0.24,0.16,0.16
0.13,0.24,0.16,0.16
0.13,0.24,0.16,0.16
0.13,0.24,0.16,0.16
0.14,0.24,0.16,0.16
0.16,0.24,0.16,0.16
0.16,0.24,0.16,0.16
0.14,0.24,0.16,0.16
0.12,0.24,0.16,0.16
0.11,0.24,0.16,0.16
0.11,0.24,0.16,0.16
0.12,0.24,0.16,0.16
0.13,0.24,0.16,0.16
0.14,0.24,0.16,0.16
0.14,0.24,0.16,0.16
0.13,0.24,0.16,0.16
0.13,0.24,0.16,0.16
0.14,0.24,0.16,0.16
0.14,0.24,0.16,0.16
0.12,0.24,0.16,0.16
0.12,0.24,0.16,0.16
0.12,0.24,0.16,0.16
0.12,0.24,0.16,0.16
0.13,0.24,0.16,0.16
0.15,0.24,0.16,0.16
0.15,0.24,0.16,0.16
0.15,0.24,0.16,0.16
0.15,0.24,0.16,0.16
0.14,0.24,0.16,0.16
0.13,0.24,0.16,0.16
0.13,0.24,0.16,0.16
0.14,0.24,0.16,0.16
0.14,0.24,0.16,0.16
0.15,0.24,0.16,0.16
0.16,0.24,0.16,0.16
0.18,0.24,0.16,0.16
0.20,0.24,0.16,0.16
0.23,0.24,0.16,0.16
0.24,0.24,0.16,0.16
0.23,0.24,0.16,0.16
0.21,0.24,0.16,0.16
0.23,0.24,0.16,0.16
0.24,0.24,0.16,0.16
0.25,0.24,0.16,0.16
0.25,0.24,0.16,0.16
0.25,0.24,0.16,0.16
0.26,0.24,0.16,0.16
0.25,0.24,0.16,0.16
0.25,0.24,0.16,0.16
0.25,0.24,0.16,0.16
0.25,0.24,0.16,0.16
0.21,0.24,0.16,0.16
0.16,0.24,0.16,0.16
0.12,0.24,0.16,0.16
0.11,0.24,0.16,0.16
0.11,0.24,0.16,0.16
0.11,0.24,0.16,0.16
0.12,0.24,0.16,0.16
0.12,0.24,0.16,0.16
0.12,0.24,0.16,0.16
0.13,0.24,0.16,0.16
0.15,0.24,0.16,0.16
0.15,0.24,0.16,0.16
0.14,0.24,0.16,0.16
0.14,0.24,0.16,0.16
0.15,0.24,0.16,0.16
0.15,0.24,0.16,0.16
0.15,0.24,0.16,0.16
0.16,0.24,0.16,0.16
0.16,0.24,0.16,0.16
0.16,0.24,0.16,0.16
0.16,0.24,0.16,0.16
0.17,0.24,0.16,0.16
0.17,0.24,0.16,0.16
0.16,0.24,0.16,0.16
0.15,0.24,0.16,0.16
0.16,0.24,0.15,0.16
0.16,0.22,0.15,0.16
0.15,0.22,0.15,0.16
0.15,0.22,0.15,0.16
0.14,0.22,0.15,0.16
0.13,0.22,0.15,0.16
0.12,0.22,0.15,0.16
0.12,0.22,0.15,0.16
0.12,0.22,0.15,0.16
0.11,0.22,0.15,0.16
0.11,0.22,0.15,0.16
0.11,0.22,0.15,0.16
0.11,0.22,0.15,0.16
0.12,0.22,0.15,0.16
0.12,0.22,0.15,0.16
0.12,0.22,0.15,0.16
0.11,0.22,0.15,0.16
0.11,0.22,0.15,0.16
0.11,0.22,0.15,0.16
0.11,0.22,0.15,0.16
0.11,0.22,0.15,0.16
0.11,0.22,0.15,0.16
0.11,0.22,0.15,0.16
0.11,0.22,0.15,0.16
0.11,0.22,0.15,0.16
0.12,0.22,0.15,0.16
0.12,0.22,0.15,0.16
0.13,0.22,0.15,0.16
0.13,0.22,0.15,0.16
0.13,0.22,0.15,0.16
0.13,0.22,0.15,0.16
0.13,0.22,0.15,0.16
0.12,0.22,0.15,0.16
0.12,0.22,0.15,0.16
0.13,0.22,0.15,0.16
0.13,0.22,0.15,0.16
0.14,0.22,0.15,0.16
0.14,0.22,0.15,0.16
0.14,0.22,0.15,0.16
0.14,0.22,0.15,0.16
0.14,0.22,0.15,0.16
0.14,0.22,0.15,0.16
0.14,0.22,0.15,0.16
0.14,0.22,0.15,0.16
0.15,0.22,0.15,0.16
0.15,0.22,0.15,0.16
0.15,0.22,0.15,0.16
0.15,0.22,0.15,0.16
0.15,0.22,0.15,0.16
0.14,0.22,0.15,0.16
0.14,0.22,0.15,0.16
0.15,0.22,0.15,0.16
0.15,0.22,0.15,0.16
0.15,0.22,0.15,0.16
0.15,0.22,0.15,0.16
0.15,0.22,0.15,0.16
0.15,0.22,0.15,0.16
0.15,0.22,0.15,0.16
0.14,0.22,0.15,0.16
0.14,0.22,0.15,0.16
0.13,0.22,0.15,0.16
0.13,0.22,0.15,0.16
0.13,0.22,0.15,0.16
0.12,0.22,0.15,0.16
0.12,0.22,0.15,0.16
0.13,0.22,0.15,0.16
0.13,0.22,0.15,0.16
0.12,0.22,0.15,0.16
0.12,0.22,0.15,0.16
0.15,0.22,0.15,0.16
0.22,0.22,0.15,0.16
0.28,0.22,0.15,0.16
0.31,0.22,0.15,0.16
0.32,0.22,0.15,0.16
0.31,0.22,0.15,0.16
0.29,0.22,0.15,0.16
0.29,0.22,0.15,0.16
0.28,0.22,0.15,0.16
0.28,0.22,0.15,0.16
0.27,0.22,0.15,0.16
0.26,0.22,0.15,0.16
0.24,0.22,0.15,0.16
0.23,0.22,0.15,0.16
0.20,0.22,0.15,0.16
0.18,0.22,0.15,0.16
0.19,0.22,0.15,0.16
0.18,0.22,0.15,0.16
0.15,0.22,0.15,0.16
0.12,0.22,0.15,0.16
0.11,0.22,0.15,0.16
0.11,0.22,0.15,0.16
0.12,0.22,0.15,0.16
0.12,0.22,0.15,0.16
0.12,0.22,0.15,0.16
0.12,0.22,0.15,0.16
0.12,0.22,0.15,0.16
0.12,0.22,0.15,0.16
0.11,0.22,0.15,0.16
0.12,0.22,0.15,0.16
0.12,0.22,0.15,0.16
0.12,0.22,0.15,0.16
0.12,0.22,0.15,0.16
0.12,0.22,0.15,0.16
0.12,0.22,0.15,0.16
0.12,0.22,0.15,0.16
0.12,0.22,0.15,0.16
0.12,0.22,0.15,0.16
0.12,0.22,0.15,0.16
0.12,0.22,0.15,0.16
0.12,0.22,0.15,0.16
0.12,0.23,0.16,0.13
0.13,0.23,0.16,0.13
0.12,0.23,0.16,0.13
0.12,0.23,0.16,0.13
0.12,0.23,0.16,0.13
0.12,0.23,0.16,0.13
0.12,0.23,0.16,0.13
0.12,0.23,0.16,0.13
0.12,0.23,0.16,0.13
0.13,0.23,0.16,0.13
0.13,0.23,0.16,0.13
0.13,0.23,0.16,0.13
0.13,0.23,0.16,0.13
0.13,0.23,0.16,0.13
0.13,0.23,0.16,0.13
0.13,0.23,0.16,0.13
0.13,0.23,0.16,0.13
0.13,0.23,0.16,0.13
0.13,0.23,0.16,0.13
0.13,0.23,0.16,0.13
0.13,0.23,0.16,0.13
0.13,0.23,0.16,0.13
0.14,0.23,0.16,0.13
0.14,0.23,0.16,0.13
0.14,0.23,0.16,0.13
0.13,0.23,0.16,0.13
0.12,0.23,0.16,0.13
0.12,0.23,0.16,0.13
0.12,0.23,0.16,0.13
0.13,0.23,0.16,0.13
0.14,0.23,0.16,0.13
0.14,0.23,0.16,0.13
0.13,0.23,0.16,0.13
0.13,0.23,0.16,0.13
0.13,0.23,0.16,0.13
0.14,0.23,0.16,0.13
0.15,0.23,0.16,0.13
0.16,0.23,0.16,0.13
0.16,0.23,0.16,0.13
0.13,0.23,0.16,0.13
0.13,0.23,0.16,0.13
0.13,0.23,0.16,0.13
0.13,0.23,0.16,0.13
0.13,0.23,0.16,0.13
0.16,0.23,0.16,0.13
0.18,0.23,0.16,0.13
0.20,0.23,0.16,0.13
0.21,0.23,0.16,0.13
0.21,0.23,0.16,0.13
0.21,0.23,0.16,0.13
0.21,0.28,0.21,0.22
0.20,0.31,0.24,0.26
0.20,0.31,0.24,0.26
0.19,0.31,0.24,0.26
0.18,0.31,0.24,0.26
0.17,0.31,0.24,0.26
0.15,0.31,0.24,0.26
0.15,0.31,0.24,0.26
0.15,0.31,0.24,0.26
0.14,0.31,0.24,0.26
0.14,0.31,0.24,0.26
0.14,0.31,0.24,0.26
0.15,0.31,0.24,0.26
0.16,0.31,0.24,0.26
0.20,0.31,0.24,0.26
0.27,0.31,0.24,0.26
0.30,0.31,0.24,0.26
0.30,0.31,0.24,0.26
0.31,0.31,0.24,0.26
0.30,0.31,0.24,0.26
0.28,0.31,0.24,0.26
0.25,0.31,0.24,0.26
0.24,0.31,0.24,0.26
0.24,0.31,0.24,0.26
0.26,0.31,0.24,0.26
0.29,0.31,0.24,0.26
0.31,0.31,0.24,0.26
0.33,0.31,0.24,0.26
0.33,0.31,0.24,0.26
0.32,0.31,0.24,0.26
0.32,0.31,0.24,0.26
0.33,0.31,0.24,0.26
0.32,0.31,0.24,0.26
0.31,0.31,0.24,0.26
0.29,0.31,0.24,0.26
0.26,0.31,0.24,0.26
0.25,0.31,0.24,0.26
0.26,0.31,0.24,0.26
0.26,0.31,0.24,0.26
0.26,0.31,0.24,0.26
0.25,0.31,0.24,0.26
0.24,0.31,0.24,0.26
0.23,0.31,0.24,0.26
0.21,0.31,0.24,0.26
0.19,0.31,0.24,0.26
0.18,0.31,0.24,0.26
0.19,0.31,0.24,0.26
0.25,0.31,0.24,0.26
0.31,0.31,0.24,0.26
0.33,0.31,0.24,0.26
0.33,0.31,0.24,0.26
0.32,0.31,0.24,0.26
0.32,0.31,0.24,0.26
0.32,0.31,0.24,0.26
0.33,0.31,0.24,0.26
0.32,0.31,0.24,0.26
0.31,0.31,0.24,0.26
0.31,0.31,0.24,0.26
0.30,0.31,0.24,0.26
0.31,0.31,0.24,0.26
0.31,0.31,0.24,0.26
0.32,0.31,0.24,0.26
0.33,0.31,0.24,0.26
0.32,0.31,0.24,0.26
0.27,0.31,0.24,0.26
0.22,0.31,0.24,0.26
0.18,0.31,0.24,0.26
